{"cameraMode":{"drawMode":0,"name":"Shaded","section":"Shading Mode"},"sceneLighting":true,"audioPlay":false,"sceneViewState":{"m_AlwaysRefresh":false,"showFog":true,"showSkybox":true,"showFlares":true,"showImageEffects":true,"showParticleSystems":true,"showVisualEffectGraphs":true,"m_FxEnabled":true},"in2DMode":false,"pivot":{"x":0.9521944522857666,"y":13.361530303955079,"z":16.879663467407228},"rotation":{"x":-0.002251578727737069,"y":-0.9937137365341187,"z":-0.010920084081590176,"w":0.11472427845001221},"size":20.053604125976564,"orthographic":false}