{"cameraMode":{"drawMode":0,"name":"Shaded","section":"Shading Mode"},"sceneLighting":true,"audioPlay":false,"sceneViewState":{"m_AlwaysRefresh":false,"showFog":true,"showSkybox":true,"showFlares":true,"showImageEffects":true,"showParticleSystems":true,"showVisualEffectGraphs":true,"m_FxEnabled":true},"in2DMode":false,"pivot":{"x":11.000640869140625,"y":23.155025482177736,"z":-5.356334686279297},"rotation":{"x":0.22901619970798493,"y":0.7768771648406982,"z":-0.42042988538742068,"w":0.4104076325893402},"size":0.2495652288198471,"orthographic":false}