{"cameraMode":{"drawMode":0,"name":"Shaded","section":"Shading Mode"},"sceneLighting":true,"audioPlay":false,"sceneViewState":{"m_AlwaysRefresh":false,"showFog":true,"showSkybox":true,"showFlares":true,"showImageEffects":true,"showParticleSystems":true,"showVisualEffectGraphs":true,"m_FxEnabled":true},"in2DMode":false,"pivot":{"x":0.020069092512130739,"y":-2.288170576095581,"z":-9.588924407958985},"rotation":{"x":-0.17110030353069306,"y":0.5695376992225647,"z":-0.12263966351747513,"w":-0.7945624589920044},"size":12.43658447265625,"orthographic":false}