{"cameraMode":{"drawMode":0,"name":"Shaded","section":"Shading Mode"},"sceneLighting":true,"audioPlay":false,"sceneViewState":{"m_AlwaysRefresh":false,"showFog":true,"showSkybox":true,"showFlares":true,"showImageEffects":true,"showParticleSystems":true,"showVisualEffectGraphs":true,"m_FxEnabled":true},"in2DMode":false,"pivot":{"x":4.245193004608154,"y":43.86668395996094,"z":-57.337921142578128},"rotation":{"x":0.3256334960460663,"y":-0.06421968340873718,"z":0.021725228056311609,"w":0.9432193636894226},"size":6.675652027130127,"orthographic":false}